{"cameraMode":{"drawMode":0,"name":"Shaded","section":"Shading Mode"},"sceneLighting":true,"audioPlay":false,"sceneViewState":{"m_AlwaysRefresh":false,"showFog":true,"showSkybox":true,"showFlares":true,"showImageEffects":true,"showParticleSystems":true,"showVisualEffectGraphs":true,"m_FxEnabled":true},"in2DMode":false,"pivot":{"x":7.788337230682373,"y":0.6174107789993286,"z":-0.4344818592071533},"rotation":{"x":-0.0032836375758051874,"y":-0.9967480897903442,"z":0.058684974908828738,"w":-0.055393241345882419},"size":0.8660253882408142,"orthographic":false}